ID,Name,Age,City
1,John Doe,25,New York
2,Jane Smith,30,Los Angeles
3,Bob Johnson,35,Chicago
4,Alice Brown,28,Houston
5,Charlie Davis,40,Miami
6,Emma Wilson,22,Seattle
7,Michael Lee,45,Phoenix
8,Sarah Taylor,27,Denver
9,David Miller,33,San Francisco
10,Lisa Anderson,29,Portland
11,James Wilson,38,Atlanta
12,Emily Davis,26,Boston
13,Robert Taylor,41,Seattle
14,Mary Johnson,24,Denver
15,William Brown,36,Los Angeles
16,Patricia Smith,32,Chicago
17,Thomas Lee,39,Houston
18,Linda Davis,25,Miami
19,Richard Miller,43,New York
20,Barbara Anderson,27,Phoenix
21,Paul Wilson,31,San Francisco
22,Helen Taylor,29,Portland
23,George Brown,37,Atlanta
24,Dorothy Johnson,23,Boston
25,Kenneth Smith,44,Seattle
26,Nancy Davis,26,Denver
27,Steven Lee,35,Los Angeles
28,Carol Miller,28,Chicago
29,Donald Anderson,42,Houston
30,Ruth Wilson,24,Miami
31,Edward Taylor,38,New York
32,Virginia Brown,30,Phoenix
33,Joseph Johnson,33,San Francisco
34,Margaret Smith,27,Portland
35,Charles Davis,40,Atlanta
36,Betty Lee,25,Boston
37,Daniel Miller,37,Seattle
38,Joan Anderson,29,Denver
39,Mark Wilson,34,Los Angeles
40,Dorothy Taylor,26,Chicago
41,Paul Brown,39,Houston
42,Helen Johnson,28,Miami
43,George Smith,43,New York
44,Alice Davis,25,Phoenix
45,Thomas Lee,36,San Francisco
46,Lisa Miller,30,Portland
47,Robert Anderson,32,Atlanta
48,Mary Wilson,27,Boston
49,William Taylor,40,Seattle
50,Patricia Brown,24,Denver
51,John Johnson,38,Los Angeles
52,Jane Smith,26,Chicago
53,Bob Davis,33,Houston
54,Alice Lee,29,Miami
55,Charlie Miller,35,New York
56,Emma Anderson,27,Phoenix
57,Michael Wilson,41,San Francisco
58,Sarah Taylor,25,Portland
59,David Brown,37,Atlanta
60,Lisa Johnson,30,Boston
61,James Smith,28,Seattle
62,Emily Davis,34,Denver
63,Robert Lee,26,Los Angeles
64,Mary Miller,39,Chicago
65,William Anderson,31,Houston
66,Patricia Wilson,27,Miami
67,Thomas Taylor,43,New York
68,Linda Brown,25,Phoenix
69,Richard Johnson,36,San Francisco
70,Barbara Smith,29,Portland
71,Paul Davis,32,Atlanta
72,Helen Lee,28,Boston
73,George Miller,40,Seattle
74,Dorothy Anderson,26,Denver
75,Kenneth Wilson,35,Los Angeles
76,Nancy Taylor,30,Chicago
77,Steven Brown,33,Houston
78,Carol